<?xml version="1.0" encoding="iso-8859-1"?>
<gallery>

<image color="0x8E94AF">
<description>image 1</description>
<pic>splat.jpg</pic>
<link>http://kirupa.com</link>
</image>

<image color="0x699AAF">
<description>image 2</description>
<pic>_by_grevenlx.jpg</pic>
<link>http://shavedplatypus.com</link>
</image>

<image color="0x58341D">
<description>image 3</description>
<pic>4Divine_Infinity.jpg</pic>
<link>http://google.com</link>
</image>

<image color="0x650101">
<description>image 4</description>
<pic>towers.jpg</pic>
<link></link>
</image>

<image color="0x274649">
<description>image 5</description>
<pic>blocks.jpg</pic>
<link>http://ultrashock.com</link>
</image>

<image color="0xC5962C">
<description>image 6</description>
<pic>bbstudios_2fwa1280x1024.jpg</pic>
<link>http://thefwa.com</link>
</image>

<image color="0x8E94AF">
<description>image 7</description>
<pic>splat.jpg</pic>
<link>http://kirupa.com</link>
</image>

<image color="0x699AAF">
<description>image 8</description>
<pic>_by_grevenlx.jpg</pic>
<link>http://shavedplatypus.com</link>
</image>

<image color="0x58341D">
<description>image 9</description>
<pic>4Divine_Infinity.jpg</pic>
<link>http://google.com</link>
</image>

<image color="0x650101">
<description>image 10</description>
<pic>towers.jpg</pic>
<link>http://yahoo.com</link>
</image>

<image color="0x274649">
<description>image 11</description>
<pic>blocks.jpg</pic>
<link>http://ultrashock.com</link>
</image>

<image color="0xC5962C">
<description>image 12</description>
<pic>bbstudios_2fwa1280x1024.jpg</pic>
<link>http://thefwa.com</link>
</image>

<image color="0x8E94AF">
<description>image 13</description>
<pic>splat.jpg</pic>
<link>http://kirupa.com</link>
</image>

<image color="0x699AAF">
<description>image 14</description>
<pic>_by_grevenlx.jpg</pic>
<link>http://shavedplatypus.com</link>
</image>

<image color="0x58341D">
<description>image 15</description>
<pic>4Divine_Infinity.jpg</pic>
<link>http://google.com</link>
</image>

<image color="0x650101">
<description>image 16</description>
<pic>towers.jpg</pic>
<link>http://yahoo.com</link>
</image>

<image color="0x274649">
<description>image 17</description>
<pic>blocks.jpg</pic>
<link>http://ultrashock.com</link>
</image>

</gallery>